,SOURCE_NUMBER,CATALOG_NUMBER,EXTENSION,ASTR_INSTRUM,PHOT_INSTRUM,X_IMAGE,Y_IMAGE,ERRA_IMAGE,ERRB_IMAGE,ERRTHETA_IMAGE,ALPHA_J2000,DELTA_J2000,ERRA_WORLD,ERRB_WORLD,ERRTHETA_WORLD,EPOCH,MAG,MAGERR,FLAGS_EXTRACTION,FLAGS_SCAMP,FLAGS_IMA,PM,PMERR,PMALPHA,PMDELTA,PMALPHAERR,PMDELTAERR
4322,1519,5,1,1,1,3765.43381818,450.337392602,0.0087236110121,0.0087236110121,0.0,99.9248371789,0.117489553785,3.68619453184e-07,3.68619453184e-07,0.0,2021.48358185,-3.26963448524,0.00635541789234,0,64,0,3.11301473628,0.00944496471893,-2.529494524,1.81452977657,0.00667859846726,0.00667859846726
4323,1519,4,1,1,1,3275.41077911,2286.53556776,0.00878397189081,0.00878397189081,0.0,99.9245624382,0.118151023239,3.69742622297e-07,3.69742622297e-07,0.0,2021.4836772,-3.28321218491,0.00630899332464,0,0,0,3.11301473628,0.00944496471893,-2.529494524,1.81452977657,0.00667859846726,0.00667859846726
4324,1519,3,1,1,1,3272.33984176,3278.50468278,0.00890862010419,0.00890862010419,0.0,99.9246466673,0.117928492543,3.72034634211e-07,3.72034634211e-07,0.0,2021.48364541,-3.26229023933,0.00637606251985,0,0,0,3.11301473628,0.00944496471893,-2.529494524,1.81452977657,0.00667859846726,0.00667859846726
4787,1659,5,1,1,1,1107.31259477,992.673047042,0.0885984301567,0.0885984301567,0.0,99.9986757748,0.132554294917,2.47669049713e-06,2.47669049713e-06,0.0,2021.48358185,-2.62337756157,0.0188231002539,0,32,0,0.119344154425,0.0474426842742,0.118133626878,0.0169550254941,0.0335470438004,0.0335470438004
4788,1659,4,1,1,1,607.137296668,2804.81980035,0.0854499042034,0.0854499042034,0.0,99.9986805127,0.13254728719,2.38992515733e-06,2.38992515733e-06,0.0,2021.4836772,-2.52253007889,0.0195507593453,0,32,0,0.119344154425,0.0474426842742,0.118133626878,0.0169550254941,0.0335470438004,0.0335470438004
4789,1659,3,1,1,1,607.191902046,3804.86327741,0.0857788473368,0.0857788473368,0.0,99.9986794138,0.132549117734,2.39898668042e-06,2.39898668042e-06,0.0,2021.48364541,-2.53985285759,0.0193244609982,0,32,0,0.119344154425,0.0474426842742,0.118133626878,0.0169550254941,0.0335470438004,0.0335470438004
8960,2874,9,1,1,1,714.329103039,185.421617294,0.00612179702148,0.00612179702148,0.0,100.009590691,0.243805759533,3.25695907577e-07,3.25695907577e-07,0.0,2021.48358185,-4.01367616653,0.00441538635641,0,0,0,0.0818824013657,0.00437970130263,-0.0129270395264,0.0808555483818,0.00309691647999,0.00309691647999
8961,2874,8,1,1,1,229.303001862,2017.2599024,0.00619075587019,0.00619075587019,0.0,100.009175457,0.244345454659,3.267101647e-07,3.267101647e-07,0.0,2021.4836772,-4.01678848267,0.00441412487999,0,0,0,0.0818824013657,0.00437970130263,-0.0129270395264,0.0808555483818,0.00309691647999,0.00309691647999
8962,2874,7,1,1,1,224.385901235,3011.40419892,0.00616612751037,0.00616612751037,0.0,100.009311419,0.24418272299,3.26351027979e-07,3.26351027979e-07,0.0,2021.48364541,-4.01549434662,0.00441302265972,0,64,0,0.0818824013657,0.00437970130263,-0.0129270395264,0.0808555483818,0.00309691647999,0.00309691647999
8963,2874,6,1,1,1,219.323526631,4004.36503938,0.00621305499226,0.00621305499226,0.0,100.009452124,0.243985523175,3.27026100422e-07,3.27026100422e-07,0.0,2021.48361363,-3.99375987053,0.00445810565725,0,0,0,0.0818824013657,0.00437970130263,-0.0129270395264,0.0808555483818,0.00309691647999,0.00309691647999
9329,2976,9,1,1,1,2099.54832122,523.660658736,0.139785394073,0.139785394073,0.0,99.9711126778,0.253199792065,3.89285742131e-06,3.89285742131e-06,0.0,2021.48358185,-0.366644799709,0.0477878563106,0,32,0,0.0314107370878,0.00726947266713,-0.0153267486021,0.0274176076055,0.00514029338956,0.00514029338956
9330,2976,8,1,1,1,1599.13065245,2335.55021746,0.137885019183,0.137885019183,0.0,99.9711245341,0.253186725833,3.84032364309e-06,3.84032364309e-06,0.0,2021.4836772,-0.493870258331,0.0466066077352,0,32,0,0.0314107370878,0.00726947266713,-0.0153267486021,0.0274176076055,0.00514029338956,0.00514029338956
9331,2976,7,1,1,1,1599.24630899,3335.78993977,0.143495947123,0.143495947123,0.0,99.9711202304,0.253192885798,3.99580085286e-06,3.99580085286e-06,0.0,2021.48364541,-0.621320664883,0.0456900261343,0,32,0,0.0314107370878,0.00726947266713,-0.0153267486021,0.0274176076055,0.00514029338956,0.00514029338956
9690,3093,9,1,1,1,1633.35132572,913.588168498,0.00730155035853,0.00730155035853,0.0,99.9840630459,0.264031874406,3.43943582948e-07,3.43943582948e-07,0.0,2021.48358185,-3.71625328064,0.00510569522157,0,64,0,0.130787132022,0.023995592002,-0.00378466467373,0.130732357502,0.016967445612,0.016967445612
9691,3093,8,1,1,1,1134.49250846,2750.52236211,0.00733070028946,0.00733070028946,0.0,99.984030503,0.264714634993,3.4443226582e-07,3.4443226582e-07,0.0,2021.4836772,-3.7181122303,0.00510326540098,0,0,0,0.130787132022,0.023995592002,-0.00378466467373,0.130732357502,0.016967445612,0.016967445612
9692,3093,7,1,1,1,1134.29911641,3742.50802485,0.00720495730639,0.00720495730639,0.0,99.9840350286,0.264491389915,3.42379195217e-07,3.42379195217e-07,0.0,2021.48364541,-3.70847296715,0.00511484360322,0,0,0,0.130787132022,0.023995592002,-0.00378466467373,0.130732357502,0.016967445612,0.016967445612
10002,3239,10,1,1,1,936.091207165,122.89879731,0.172416657209,0.172416657209,0.0,99.9895443789,0.269851042096,4.79737536807e-06,4.79737536807e-06,0.0,2021.48361363,-2.5009458065,0.0213629473001,0,32,0,0.0988852744663,0.0338236831244,0.0472282096744,0.0868780389428,0.0239169560373,0.0239169560373
10003,3239,9,1,1,1,1435.82342842,1122.80601062,0.163426086307,0.163426086307,0.0,99.9895500037,0.26984367418,4.54811197415e-06,4.54811197415e-06,0.0,2021.48358185,-2.58291506767,0.0214099716395,0,32,0,0.0988852744663,0.0338236831244,0.0472282096744,0.0868780389428,0.0239169560373,0.0239169560373
10004,3239,8,1,1,1,936.8142134,2936.73442442,0.165067180991,0.165067180991,0.0,99.9895213795,0.269887597534,4.59375496575e-06,4.59375496575e-06,0.0,2021.4836772,-2.56029033661,0.0213671736419,0,32,0,0.0988852744663,0.0338236831244,0.0472282096744,0.0868780389428,0.0239169560373,0.0239169560373
10005,3239,7,1,1,1,936.395986005,3936.10514542,0.159908920527,0.159908920527,0.0,99.9895323542,0.26986954818,4.45074192612e-06,4.45074192612e-06,0.0,2021.48364541,-2.55483102798,0.0214668083936,0,32,0,0.0988852744663,0.0338236831244,0.0472282096744,0.0868780389428,0.0239169560373,0.0239169560373
10620,3410,10,1,1,1,2785.25110956,873.195636489,0.108583234251,0.108583234251,0.0,99.9381769121,0.290687113929,3.02894932247e-06,3.02894932247e-06,0.0,2021.48361363,-2.10433721542,0.0245995949954,0,32,0,0.148844944011,0.0557486117871,0.148843735456,-0.000599889783189,0.0394202210009,0.0394202210009
10621,3410,9,1,1,1,3285.30497458,1872.93513391,0.114417634904,0.114417634904,0.0,99.9381751723,0.290678806431,3.19038872476e-06,3.19038872476e-06,0.0,2021.48358185,-2.13283252716,0.024334916845,0,32,0,0.148844944011,0.0557486117871,0.148843735456,-0.000599889783189,0.0394202210009,0.0394202210009
10622,3410,8,1,1,1,2785.08788221,3686.07199857,0.11621145159,0.11621145159,0.0,99.938180677,0.290701776857,3.24013035424e-06,3.24013035424e-06,0.0,2021.4836772,-2.14592719078,0.0243884269148,0,32,0,0.148844944011,0.0557486117871,0.148843735456,-0.000599889783189,0.0394202210009,0.0394202210009
13030,4043,12,1,1,1,1658.96666513,1271.97594486,0.00770075898618,0.00770075898618,0.0,99.9694565456,0.357302150497,3.50597275656e-07,3.50597275656e-07,0.0,2021.4836772,-1.76130402088,0.0138207934797,0,32,0,0.0201613791495,0.00584463846747,0.0150255467743,0.0134429968894,0.00413278350607,0.00413278350607
13031,4043,11,1,1,1,1658.94603213,2271.97847332,0.00782310031354,0.00782310031354,0.0,99.9694570784,0.357305560117,3.52678256377e-07,3.52678256377e-07,0.0,2021.48364541,-1.76390564442,0.0137991979718,0,32,0,0.0201613791495,0.00584463846747,0.0150255467743,0.0134429968894,0.00413278350607,0.00413278350607
13032,4043,10,1,1,1,1658.95633959,3271.97937582,0.00771384406835,0.00771384406835,0.0,99.9694576819,0.357308755827,3.50816662831e-07,3.50816662831e-07,0.0,2021.48361363,-1.80249869823,0.01356246043,0,32,0,0.0201613791495,0.00584463846747,0.0150255467743,0.0134429968894,0.00413278350607,0.00413278350607
13222,4108,12,1,1,1,2065.97868844,1610.97355534,0.00573155796155,0.00573155796155,0.0,99.9581477842,0.36671125238,3.20169789347e-07,3.20169789347e-07,0.0,2021.4836772,-2.29116392136,0.0102108940482,0,32,0,0.023402383942,0.0075504531941,0.00998574774712,0.0211649816483,0.00533897662535,0.00533897662535
13223,4108,11,1,1,1,2065.97806753,2610.97807752,0.00573644274846,0.00573644274846,0.0,99.9581488424,0.366718359161,3.20234789797e-07,3.20234789797e-07,0.0,2021.48364541,-2.28371882439,0.0102228084579,0,32,0,0.023402383942,0.0075504531941,0.00998574774712,0.0211649816483,0.00533897662535,0.00533897662535
13224,4108,10,1,1,1,2065.97914484,3610.9765731,0.00586184579879,0.00586184579879,0.0,99.9581504503,0.366723075761,3.21982469131e-07,3.21982469131e-07,0.0,2021.48361363,-2.25575065613,0.0103967618197,0,32,0,0.023402383942,0.0075504531941,0.00998574774712,0.0211649816483,0.00533897662535,0.00533897662535
13256,4120,12,1,1,1,2946.28604662,1634.7243354,0.0750851333141,0.0750851333141,0.0,99.9336934728,0.367369544553,2.10411826629e-06,2.10411826629e-06,0.0,2021.4836772,-6.04793310165,0.00341790425591,0,32,0,0.0112425820443,0.00410015566894,0.00614829920232,0.009412442334,0.00289924792014,0.00289924792014
13257,4120,11,1,1,1,2946.23454207,2635.26869666,0.0751813203096,0.0751813203096,0.0,99.9336968138,0.367392284648,2.10675057133e-06,2.10675057133e-06,0.0,2021.48364541,-6.07627296448,0.0033994524274,0,32,0,0.0112425820443,0.00410015566894,0.00614829920232,0.009412442334,0.00289924792014,0.00289924792014
13258,4120,10,1,1,1,2946.17534308,3635.94366683,0.07645586133,0.07645586133,0.0,99.9337002163,0.36741575891,2.14185160985e-06,2.14185160985e-06,0.0,2021.48361363,-6.04532194138,0.00345113640651,0,32,0,0.0112425820443,0.00410015566894,0.00614829920232,0.009412442334,0.00289924792014,0.00289924792014
13408,4172,12,1,1,1,4014.97324811,1865.99235537,0.00595161132514,0.00595161132514,0.0,99.9040033491,0.373790667356,3.23252891121e-07,3.23252891121e-07,0.0,2021.4836772,-1.97881507874,0.0118795474991,0,96,0,19.4291723142,0.0967303875237,9.92138767242,16.7050533295,0.0683987140656,0.0683987140656
13409,4172,11,1,1,1,4014.97735149,2865.98632595,0.00592518551275,0.00592518551275,0.0,99.904006982,0.373801161875,3.22875592929e-07,3.22875592929e-07,0.0,2021.48364541,-1.99760472775,0.0117948604748,0,32,0,19.4291723142,0.0967303875237,9.92138767242,16.7050533295,0.0683987140656,0.0683987140656
13410,4172,10,1,1,1,4014.97151318,3865.98966095,0.00595159549266,0.00595159549266,0.0,99.9040098334,0.373807122569,3.23250390011e-07,3.23250390011e-07,0.0,2021.48361363,-1.99311387539,0.0118429232389,0,32,0,19.4291723142,0.0967303875237,9.92138767242,16.7050533295,0.0683987140656,0.0683987140656
13498,4204,12,1,1,1,1977.97232743,1983.96739997,0.0053447606042,0.0053447606042,0.0,99.9605896492,0.377064789987,3.14964921699e-07,3.14964921699e-07,0.0,2021.4836772,-2.39266419411,0.00963631365448,0,96,0,0.0855568507662,0.0341226766462,-0.000767506367993,0.0855534076691,0.0241283755749,0.0241283755749
13499,4204,11,1,1,1,1977.97242613,2983.96904738,0.00530938478187,0.00530938478187,0.0,99.9605915887,0.377075764157,3.14500454124e-07,3.14500454124e-07,0.0,2021.48364541,-2.38330674171,0.00965826679021,0,32,0,0.0855568507662,0.0341226766462,-0.000767506367993,0.0855534076691,0.0241283755749,0.0241283755749
13500,4204,10,1,1,1,1977.97358732,3983.96705286,0.00521208299324,0.00521208299324,0.0,99.960594187,0.377082488829,3.13242310312e-07,3.13242310312e-07,0.0,2021.48361363,-2.42858314514,0.00946262851357,0,32,0,0.0855568507662,0.0341226766462,-0.000767506367993,0.0855534076691,0.0241283755749,0.0241283755749
13561,4225,12,1,1,1,1652.97242503,2077.98674025,0.00252271303907,0.00252271303907,0.0,99.9696169822,0.379675086129,2.86480997147e-07,2.86480997147e-07,0.0,2021.4836772,-4.08174419403,0.00420894706622,0,32,0,0.0573823921222,0.0284911349785,-0.0269599035382,-0.0506547391415,0.0201462749392,0.0201462749392
13562,4225,11,1,1,1,1652.97137857,3077.98349151,0.00252950773574,0.00252950773574,0.0,99.9696190279,0.379686885637,2.86525022375e-07,2.86525022375e-07,0.0,2021.48364541,-4.0756726265,0.00421842606738,0,32,0,0.0573823921222,0.0284911349785,-0.0269599035382,-0.0506547391415,0.0201462749392,0.0201462749392
13563,4225,10,1,1,1,1652.97143098,4077.98594293,0.00253097619861,0.00253097619861,0.0,99.9696220131,0.379694398788,2.86535197347e-07,2.86535197347e-07,0.0,2021.48361363,-4.07434177399,0.00422505801544,0,32,0,0.0573823921222,0.0284911349785,-0.0269599035382,-0.0506547391415,0.0201462749392,0.0201462749392
13576,4230,12,1,1,1,4017.91595609,2091.95303422,0.00427541788667,0.00427541788667,0.0,99.9039200646,0.380062881615,3.02101227589e-07,3.02101227589e-07,0.0,2021.4836772,-3.2012257576,0.00638168631122,0,96,0,2.93825764726,0.00276545786973,-1.79155385494,2.32888221741,0.00195547402836,0.00195547402836
13577,4230,11,1,1,1,4017.92767574,3091.9574188,0.00409398693591,0.00409398693591,0.0,99.9039240096,0.380076012551,3.0015345942e-07,3.0015345942e-07,0.0,2021.48364541,-3.24466824532,0.00624375184998,0,32,0,2.93825764726,0.00276545786973,-1.79155385494,2.32888221741,0.00195547402836,0.00195547402836
13578,4230,10,1,1,1,4017.92753588,4091.95546909,0.00415334384888,0.00415334384888,0.0,99.9039272338,0.380082972161,3.00782232898e-07,3.00782232898e-07,0.0,2021.48361363,-3.22024178505,0.00632681837305,0,32,0,2.93825764726,0.00276545786973,-1.79155385494,2.32888221741,0.00195547402836,0.00195547402836
15154,4975,15,1,1,1,3172.38481266,100.407852223,0.00712864007801,0.00712864007801,0.0,99.8098404946,0.0296463377071,3.41136569659e-07,3.41136569659e-07,0.0,2021.48364541,-3.69062447548,0.00513727823272,0,0,0,0.0749528617544,0.0310372209012,-0.00237342272885,0.0749152749777,0.0219466295093,0.0219466295093
15155,4975,14,1,1,1,3165.23857143,1096.49638754,0.00708507932723,0.00708507932723,0.0,99.8100306879,0.0295373594286,3.40430347023e-07,3.40430347023e-07,0.0,2021.48361363,-3.69187569618,0.00514346547425,0,0,0,0.0749528617544,0.0310372209012,-0.00237342272885,0.0749152749777,0.0219466295093,0.0219466295093
15156,4975,13,1,1,1,3657.38837885,2093.44885493,0.00714665232226,0.00714665232226,0.0,99.810258517,0.0294494191761,3.41422975225e-07,3.41422975225e-07,0.0,2021.48358185,-3.70003581047,0.00512251770124,0,64,0,0.0749528617544,0.0310372209012,-0.00237342272885,0.0749152749777,0.0219466295093,0.0219466295093
17244,5538,16,1,1,1,2243.389375,1329.45312572,0.00687693431973,0.00687693431973,0.0,99.8356496559,0.0915650463917,3.37138544637e-07,3.37138544637e-07,0.0,2021.4836772,-3.76023316383,0.00497415894642,0,0,0,0.160624795646,0.0183755594681,-0.00168525916524,0.160615950823,0.0129934828728,0.0129934828728
17245,5538,15,1,1,1,2239.3284097,2322.54627104,0.00697598792613,0.00697598792613,0.0,99.835762053,0.0913723898469,3.38692757396e-07,3.38692757396e-07,0.0,2021.48364541,-3.73315501213,0.00503573007882,0,0,0,0.160624795646,0.0183755594681,-0.00168525916524,0.160615950823,0.0129934828728,0.0129934828728
17246,5538,14,1,1,1,2234.46629952,3315.49232844,0.0069300676696,0.0069300676696,0.0,99.8358983963,0.0911761134483,3.37959363605e-07,3.37959363605e-07,0.0,2021.48361363,-3.76261711121,0.00496151344851,0,64,0,0.160624795646,0.0183755594681,-0.00168525916524,0.160615950823,0.0129934828728,0.0129934828728
19641,6247,18,1,1,1,180.090796229,762.859133124,0.0923013687134,0.0923013687134,0.0,99.8929613093,0.153948706426,2.57893429989e-06,2.57893429989e-06,0.0,2021.48361363,-2.96885967255,0.0163863897324,0,32,0,0.0286981031705,0.00782939362139,-0.0028444447089,-0.0285567902029,0.00553621724248,0.00553621724248
19642,6247,17,1,1,1,680.087415327,1762.90759081,0.0916945487261,0.0916945487261,0.0,99.8929620201,0.153949479504,2.56216276284e-06,2.56216276284e-06,0.0,2021.48358185,-2.95087909698,0.0163433812559,0,32,0,0.0286981031705,0.00782939362139,-0.0028444447089,-0.0285567902029,0.00553621724248,0.00553621724248
19643,6247,16,1,1,1,180.182874546,3575.0619057,0.0932742580771,0.0932742580771,0.0,99.8929599468,0.153945620011,2.60592560153e-06,2.60592560153e-06,0.0,2021.4836772,-2.9520637989,0.0163432024419,0,32,0,0.0286981031705,0.00782939362139,-0.0028444447089,-0.0285567902029,0.00553621724248,0.00553621724248
19668,6255,18,1,1,1,772.060072483,796.731584541,0.069271363318,0.069271363318,0.0,99.8765178207,0.154889819335,1.9441540644e-06,1.9441540644e-06,0.0,2021.48361363,-3.53779745102,0.0110232494771,0,32,0,0.0478725873729,0.0113643724286,-0.0252865292132,-0.0406494289637,0.00803582463413,0.00803582463413
19669,6255,17,1,1,1,1272.06733729,1796.6114753,0.0694645568728,0.0694645568728,0.0,99.8765182715,0.154885402158,1.94945505427e-06,1.94945505427e-06,0.0,2021.48358185,-3.56294250488,0.0108775086701,0,32,0,0.0478725873729,0.0113643724286,-0.0252865292132,-0.0406494289637,0.00803582463413,0.00803582463413
19670,6255,16,1,1,1,772.112619303,3609.81817633,0.0688492432237,0.0688492432237,0.0,99.8765167913,0.154910920799,1.93264008885e-06,1.93264008885e-06,0.0,2021.4836772,-3.57463526726,0.0108529916033,0,32,0,0.0478725873729,0.0113643724286,-0.0252865292132,-0.0406494289637,0.00803582463413,0.00803582463413
19775,6286,18,1,1,1,2281.84980286,910.002785237,0.02496952191,0.02496952191,0.0,99.8345801766,0.158034196529,7.47154672354e-07,7.47154672354e-07,0.0,2021.48361363,-3.38095021248,0.00666592502967,0,0,0,0.0433808151282,0.00453985236827,-0.00735469069332,-0.0427528209984,0.00321016041562,0.00321016041562
19776,6286,17,1,1,1,2760.88251236,1892.02533953,0.02524519898,0.02524519898,0.0,99.8351629804,0.157534484641,7.54264704028e-07,7.54264704028e-07,0.0,2021.48358185,-3.39086198807,0.00661947485059,0,0,0,0.0433808151282,0.00453985236827,-0.00735469069332,-0.0427528209984,0.00321016041562,0.00321016041562
19777,6286,16,1,1,1,2323.74531934,3757.79382856,0.0254473593086,0.0254473593086,0.0,99.8334162998,0.159019260231,7.59528177241e-07,7.59528177241e-07,0.0,2021.4836772,-3.38624644279,0.00666765868664,0,0,0,0.0433808151282,0.00453985236827,-0.00735469069332,-0.0427528209984,0.00321016041562,0.00321016041562
20353,6463,19,1,1,1,1843.44873813,483.439603814,0.00682843849063,0.00682843849063,0.0,99.8467585415,0.173961479886,3.36368088938e-07,3.36368088938e-07,0.0,2021.48364541,-3.7928621769,0.00490590091795,0,0,0,0.130440332836,0.00770523287116,-0.0278341379017,-0.127436026931,0.00544842239469,0.00544842239469
20354,6463,18,1,1,1,1839.42119909,1476.53160166,0.00676231971011,0.00676231971011,0.0,99.8468702675,0.173770476655,3.35328991241e-07,3.35328991241e-07,0.0,2021.48361363,-3.81391835213,0.00484353443608,0,0,0,0.130440332836,0.00770523287116,-0.0278341379017,-0.127436026931,0.00544842239469,0.00544842239469
20355,6463,17,1,1,1,2335.2440951,2468.3751043,0.00670787319541,0.00670787319541,0.0,99.8469858247,0.173543855953,3.34482280095e-07,3.34482280095e-07,0.0,2021.48358185,-3.80603599548,0.00486425217241,0,64,0,0.130440332836,0.00770523287116,-0.0278341379017,-0.127436026931,0.00544842239469,0.00544842239469
20470,6497,19,1,1,1,3185.90706225,623.057101634,0.157460331917,0.157460331917,0.0,99.8094679544,0.177838732717,4.38280540038e-06,4.38280540038e-06,0.0,2021.48364541,-2.49243402481,0.0221561938524,0,32,0,0.118977971127,0.00821655639478,-0.0197227969766,-0.117331877351,0.00580998277292,0.00580998277292
20471,6497,18,1,1,1,3186.25512327,1623.27733557,0.162417590618,0.162417590618,0.0,99.8094587775,0.177845539032,4.52014955954e-06,4.52014955954e-06,0.0,2021.48361363,-2.52440977097,0.0218222141266,0,32,0,0.118977971127,0.00821655639478,-0.0197227969766,-0.117331877351,0.00580998277292,0.00580998277292
20472,6497,17,1,1,1,3686.53840275,2623.41950287,0.163449957967,0.163449957967,0.0,99.8094498656,0.177851767212,4.54874816569e-06,4.54874816569e-06,0.0,2021.48358185,-2.51120948792,0.0218095015734,0,32,0,0.118977971127,0.00821655639478,-0.0197227969766,-0.117331877351,0.00580998277292,0.00580998277292
20531,6515,19,1,1,1,3566.61650271,712.684856103,0.143531441689,0.143531441689,0.0,99.7988922919,0.180328916691,3.99673672291e-06,3.99673672291e-06,0.0,2021.48364541,-1.96414542198,0.0274040177464,0,32,0,0.130413248626,0.00649653500187,-0.0319497846067,-0.126439020038,0.00459374394268,0.00459374394268
20532,6515,18,1,1,1,3566.597751,1712.71337921,0.147890508175,0.147890508175,0.0,99.7988935474,0.180330216245,4.11745622841e-06,4.11745622841e-06,0.0,2021.48361363,-1.96058392525,0.0278598237783,0,32,0,0.130413248626,0.00649653500187,-0.0319497846067,-0.126439020038,0.00459374394268,0.00459374394268
20533,6515,17,1,1,1,4066.50269025,2712.68358106,0.138358563185,0.138358563185,0.0,99.7988948574,0.180332815231,3.85330304198e-06,3.85330304198e-06,0.0,2021.48358185,-1.99325919151,0.0271519366652,0,32,0,0.130413248626,0.00649653500187,-0.0319497846067,-0.126439020038,0.00459374394268,0.00459374394268
20640,6547,19,1,1,1,1702.43106591,881.486387458,0.0070270858705,0.0070270858705,0.0,99.8506759599,0.18501881832,3.39510421554e-07,3.39510421554e-07,0.0,2021.48364541,-3.72836732864,0.00507380627096,0,0,0,0.385163774088,0.0953918279342,0.00553501071408,-0.385123997927,0.0674522072077,0.0674522072077
20641,6547,18,1,1,1,1697.36413054,1874.48491187,0.00712738465518,0.00712738465518,0.0,99.8508163811,0.184823885552,3.4111297964e-07,3.4111297964e-07,0.0,2021.48361363,-3.72038316727,0.00508781103417,0,0,0,0.385163774088,0.0953918279342,0.00553501071408,-0.385123997927,0.0674522072077,0.0674522072077
20642,6547,17,1,1,1,2192.25722963,2867.39954346,0.00700132548809,0.00700132548809,0.0,99.8509572935,0.184627658361,3.39090746593e-07,3.39090746593e-07,0.0,2021.48358185,-3.72837471962,0.0050507709384,0,0,0,0.385163774088,0.0953918279342,0.00553501071408,-0.385123997927,0.0674522072077,0.0674522072077
23056,7217,21,1,1,1,1893.36152301,544.450870164,0.00829628389329,0.00829628389329,0.0,99.8592605909,0.253776800437,3.60927799647e-07,3.60927799647e-07,0.0,2021.48358185,-3.36975121498,0.00604115333408,0,0,0,0.152705057555,0.0758375846994,-0.123735710979,0.0894891545177,0.0536252707243,0.0536252707243
23057,7217,20,1,1,1,1406.34931532,2377.34221132,0.00841620750725,0.00841620750725,0.0,99.8588993921,0.254348704804,3.63076424037e-07,3.63076424037e-07,0.0,2021.4836772,-3.38722920418,0.00601010071114,0,0,0,0.152705057555,0.0758375846994,-0.123735710979,0.0894891545177,0.0536252707243,0.0536252707243
23058,7217,19,1,1,1,1402.29777927,3370.45024541,0.00834024511278,0.00834024511278,0.0,99.8590112875,0.254156611238,3.61716445241e-07,3.61716445241e-07,0.0,2021.48364541,-3.38469362259,0.00600083218887,0,0,0,0.152705057555,0.0758375846994,-0.123735710979,0.0894891545177,0.0536252707243,0.0536252707243
27538,8508,24,1,1,1,1164.38347122,2123.43663117,0.00892412289977,0.00892412289977,0.0,99.8656169473,0.380970099183,3.72299552964e-07,3.72299552964e-07,0.0,2021.4836772,-3.26697897911,0.0063903494738,0,64,0,0.0779952043937,0.0340736276328,-0.00208390876651,-0.0779673606157,0.0240936931223,0.0240936931223
27539,8508,23,1,1,1,1158.35233337,3117.3142771,0.00876575708389,0.00876575708389,0.0,99.8657851413,0.380799668053,3.69386413013e-07,3.69386413013e-07,0.0,2021.48364541,-3.26347565651,0.0064010177739,0,0,0,0.0779952043937,0.0340736276328,-0.00208390876651,-0.0779673606157,0.0240936931223,0.0240936931223
27540,8508,22,1,1,1,1153.26177863,4111.51429923,0.00877786707133,0.00877786707133,0.0,99.8659275617,0.38064054375,3.69609409745e-07,3.69609409745e-07,0.0,2021.48361363,-3.26467561722,0.00639284867793,0,0,0,0.0779952043937,0.0340736276328,-0.00208390876651,-0.0779673606157,0.0240936931223,0.0240936931223
29191,9267,27,1,1,1,1192.9900572,222.982864833,0.0221405941993,0.0221405941993,0.0,99.7472456295,0.0330536153807,6.7484148758e-07,6.7484148758e-07,0.0,2021.48364541,0.552041947842,0.0579030402005,0,32,0,0.028217494882,0.00443243220561,-0.0267195459455,-0.00907154101878,0.00313420291059,0.00313420291059
29192,9267,26,1,1,1,1192.98080388,1222.96233856,0.022905241698,0.022905241698,0.0,99.7472466201,0.0330532571138,6.94252321409e-07,6.94252321409e-07,0.0,2021.48361363,0.573973178864,0.0569872818887,0,32,0,0.028217494882,0.00443243220561,-0.0267195459455,-0.00907154101878,0.00313420291059,0.00313420291059
29193,9267,25,1,1,1,1692.95200416,2222.99282311,0.0236590318382,0.0236590318382,0.0,99.7472475944,0.0330529882109,7.13488702786e-07,7.13488702786e-07,0.0,2021.48358185,0.680826723576,0.0618253909051,0,32,0,0.028217494882,0.00443243220561,-0.0267195459455,-0.00907154101878,0.00313420291059,0.00313420291059
29519,9364,27,1,1,1,1195.51913935,686.75228274,0.14518430829,0.14518430829,0.0,99.7471760151,0.0459360795544,4.04247612096e-06,4.04247612096e-06,0.0,2021.48364541,-1.50144922733,0.0346566960216,0,32,0,0.0471758673947,0.00525795705171,0.00586488842964,-0.0468098856509,0.00371793704107,0.00371793704107
29520,9364,26,1,1,1,1195.40556387,1686.51638078,0.143196925521,0.143196925521,0.0,99.7471791498,0.0459293803172,3.98739257434e-06,3.98739257434e-06,0.0,2021.48361363,-1.56599605083,0.0336805209517,0,32,0,0.0471758673947,0.00525795705171,0.00586488842964,-0.0468098856509,0.00371793704107,0.00371793704107
29521,9364,25,1,1,1,1695.19293352,2686.21360798,0.147234261036,0.147234261036,0.0,99.7471850158,0.0459199088319,4.0992626964e-06,4.0992626964e-06,0.0,2021.48358185,-1.43015086651,0.0336724109948,0,32,0,0.0471758673947,0.00525795705171,0.00586488842964,-0.0468098856509,0.00371793704107,0.00371793704107
32182,10110,29,1,1,1,3283.62084513,402.055089895,0.150757372379,0.150757372379,0.0,99.7030610761,0.116145616583,4.19691150455e-06,4.19691150455e-06,0.0,2021.48358185,-1.3855868578,0.0362104289234,0,32,0,0.0225320550531,0.00254453774157,0.00427093077451,-0.0221235770732,0.00179925991688,0.00179925991688
32183,10110,28,1,1,1,2783.87962091,2213.95835747,0.15246412158,0.15246412158,0.0,99.7030555674,0.116133629519,4.2443239181e-06,4.2443239181e-06,0.0,2021.4836772,-1.23941087723,0.037594370544,0,32,0,0.0225320550531,0.00254453774157,0.00427093077451,-0.0221235770732,0.00179925991688,0.00179925991688
32184,10110,27,1,1,1,2783.78147663,3214.03242995,0.150613069534,0.150613069534,0.0,99.7030578379,0.116135126584,4.19293201048e-06,4.19293201048e-06,0.0,2021.48364541,-1.16254353523,0.0359680429101,0,32,0,0.0225320550531,0.00254453774157,0.00427093077451,-0.0221235770732,0.00179925991688,0.00179925991688
32511,10205,29,1,1,1,3905.16115743,756.132094717,0.133084222674,0.133084222674,0.0,99.6857954606,0.125982992503,3.70720886167e-06,3.70720886167e-06,0.0,2021.48358185,-2.15152359009,0.0251518134028,0,32,0,0.0126862459177,0.00255060441072,0.00990623049438,-0.00792511366308,0.00180354970507,0.00180354970507
32512,10205,28,1,1,1,3404.88058076,2567.89647702,0.139217272401,0.139217272401,0.0,99.6858053186,0.12596573261,3.87721047446e-06,3.87721047446e-06,0.0,2021.4836772,-2.11805582047,0.0255000144243,0,32,0,0.0126862459177,0.00255060441072,0.00990623049438,-0.00792511366308,0.00180354970507,0.00180354970507
32513,10205,27,1,1,1,3405.02799195,3568.01625376,0.133032694459,0.133032694459,0.0,99.6858009951,0.125968801353,3.70579937226e-06,3.70579937226e-06,0.0,2021.48364541,-2.0260014534,0.0264797545969,0,32,0,0.0126862459177,0.00255060441072,0.00990623049438,-0.00792511366308,0.00180354970507,0.00180354970507
33505,10480,30,1,1,1,116.466496756,362.524623855,0.102675840259,0.102675840259,0.0,99.7771499005,0.142825650333,2.86562635665e-06,2.86562635665e-06,0.0,2021.48361363,-2.26870059967,0.0229501221329,0,32,0,0.0305132633974,0.00771263300631,-0.000723333330825,0.0305046886206,0.00545365503058,0.00545365503058
33506,10480,29,1,1,1,616.609565588,1362.62500193,0.0935981795192,0.0935981795192,0.0,99.7771460193,0.142829640226,2.61474860963e-06,2.61474860963e-06,0.0,2021.48358185,-2.18747711182,0.0231108032167,0,32,0,0.0305132633974,0.00771263300631,-0.000723333330825,0.0305046886206,0.00545365503058,0.00545365503058
33507,10480,28,1,1,1,116.338053025,3174.70075933,0.0997214615345,0.0997214615345,0.0,99.7771538587,0.142820330451,2.78400557363e-06,2.78400557363e-06,0.0,2021.4836772,-2.25082302094,0.0228259209543,0,32,0,0.0305132633974,0.00771263300631,-0.000723333330825,0.0305046886206,0.00545365503058,0.00545365503058
37802,11696,33,1,1,1,585.974327696,934.96880294,0.0134081505239,0.0134081505239,0.0,99.7779951271,0.264619048033,4.64627191832e-07,4.64627191832e-07,0.0,2021.48358185,-0.42060109973,0.0291083678603,0,96,0,0.110597597826,0.0546474139572,-0.085509903729,-0.0701418966055,0.0386415570974,0.0386415570974
37803,11696,32,1,1,1,85.9416037875,2746.97512697,0.0157184731215,0.0157184731215,0.0,99.7779983033,0.264612505321,5.17514024523e-07,5.17514024523e-07,0.0,2021.4836772,-0.368739932775,0.0323432534933,0,32,0,0.110597597826,0.0546474139572,-0.085509903729,-0.0701418966055,0.0386415570974,0.0386415570974
37804,11696,31,1,1,1,85.964271324,3746.97360552,0.0155754778534,0.0155754778534,0.0,99.7779978158,0.264613672871,5.14161513365e-07,5.14161513365e-07,0.0,2021.48364541,-0.294546306133,0.0323599502444,0,32,0,0.110597597826,0.0546474139572,-0.085509903729,-0.0701418966055,0.0386415570974,0.0386415570974
